open_signal,open_exec,close_signal,close_exec,side,month,reason,z_open,z_close,S_entry,S_exit,hold_days,rolls,pnl,mae,cost,margin,net,ret,fill,ticks
20251031,20251031,20251104,20251104,-1,202601,stop_loss,2.5670380905026073,3.8131917347324182,2045.0,3745.0,2,0,-1700.0,-1700.0,26.349000000000004,15941.4,-1726.349,-0.10829343721379553,close,0
20251106,20251106,20251117,20251117,-1,202601,stop_loss,2.6326983969839364,3.8851777455514793,2630.0,5680.0,7,0,-3050.0,-3050.0,25.755000000000003,15615.599999999999,-3075.755,-0.19696681523604603,close,0
20251222,20251222,20260130,20260130,1,202605,take_profit,-2.876189470556459,0.03801823994064118,-2855.0,-410.0,27,0,2445.0,-925.0,26.523500000000002,15173.4,2418.4765,0.159389227200232,close,0
20260303,20260303,20260305,20260305,1,202605,take_profit,-3.6328690609104397,0.10105849220925536,-4595.0,-355.0,2,0,4240.0,0.0,29.769000000000005,17859.0,4210.231,0.23574841816451086,close,0
20260309,20260309,20260310,20260310,1,202605,take_profit,-3.733880752895749,1.5514228005851218,-5010.0,1465.0,1,0,6475.0,0.0,31.9195,19774.8,6443.0805,0.3258227896110201,close,0
20260319,20260319,20260326,20260326,1,202605,stop_loss,-3.4333170238982778,-3.83356282295832,-5090.0,-6625.0,5,0,-1535.0,-1535.0,37.13250000000001,22299.6,-1572.1325,-0.0705004798292346,close,0
20260402,20260402,20260630,20260630,1,202609,take_profit,-2.6214544972416514,0.3173550766359812,-2800.0,-1570.0,58,0,1230.0,-5010.0,31.789,20853.6,1198.211,0.05745823263129628,close,0
20251031,20251031,20251104,20251104,-1,202601,stop_loss,2.5670380905026073,3.8131917347324182,2045.0,3745.0,2,0,-1700.0,-1700.0,106.34899999999999,15941.4,-1806.349,-0.1133118170298719,close,1
20251106,20251106,20251117,20251117,-1,202601,stop_loss,2.6326983969839364,3.8851777455514793,2630.0,5680.0,7,0,-3050.0,-3050.0,105.755,15615.599999999999,-3155.755,-0.202089897282205,close,1
20251222,20251222,20260130,20260130,1,202605,take_profit,-2.876189470556459,0.03801823994064118,-2855.0,-410.0,27,0,2445.0,-925.0,106.52350000000001,15173.4,2338.4764999999998,0.1541168426325016,close,1
20260303,20260303,20260305,20260305,1,202605,take_profit,-3.6328690609104397,0.10105849220925536,-4595.0,-355.0,2,0,4240.0,0.0,109.769,17859.0,4130.231,0.23126888403606025,close,1
20260309,20260309,20260310,20260310,1,202605,take_profit,-3.733880752895749,1.5514228005851218,-5010.0,1465.0,1,0,6475.0,0.0,111.9195,19774.8,6363.0805,0.32177723668507396,close,1
20260319,20260319,20260326,20260326,1,202605,stop_loss,-3.4333170238982778,-3.83356282295832,-5090.0,-6625.0,5,0,-1535.0,-1535.0,117.1325,22299.6,-1652.1325,-0.07408798812534755,close,1
20260402,20260402,20260630,20260630,1,202609,take_profit,-2.6214544972416514,0.3173550766359812,-2800.0,-1570.0,58,0,1230.0,-5010.0,111.789,20853.6,1118.211,0.05362196455288296,close,1
20251031,20251031,20251104,20251104,-1,202601,stop_loss,2.5670380905026073,3.8131917347324182,2045.0,3745.0,2,0,-1700.0,-1700.0,186.349,15941.4,-1886.349,-0.11833019684594828,close,2
20251106,20251106,20251117,20251117,-1,202601,stop_loss,2.6326983969839364,3.8851777455514793,2630.0,5680.0,7,0,-3050.0,-3050.0,185.755,15615.599999999999,-3235.755,-0.20721297932836397,close,2
20251222,20251222,20260130,20260130,1,202605,take_profit,-2.876189470556459,0.03801823994064118,-2855.0,-410.0,27,0,2445.0,-925.0,186.5235,15173.4,2258.4764999999998,0.14884445806477123,close,2
20260303,20260303,20260305,20260305,1,202605,take_profit,-3.6328690609104397,0.10105849220925536,-4595.0,-355.0,2,0,4240.0,0.0,189.769,17859.0,4050.2309999999998,0.2267893499076096,close,2
20260309,20260309,20260310,20260310,1,202605,take_profit,-3.733880752895749,1.5514228005851218,-5010.0,1465.0,1,0,6475.0,0.0,191.9195,19774.8,6283.0805,0.3177316837591278,close,2
20260319,20260319,20260326,20260326,1,202605,stop_loss,-3.4333170238982778,-3.83356282295832,-5090.0,-6625.0,5,0,-1535.0,-1535.0,197.1325,22299.6,-1732.1325,-0.07767549642146047,close,2
20260402,20260402,20260630,20260630,1,202609,take_profit,-2.6214544972416514,0.3173550766359812,-2800.0,-1570.0,58,0,1230.0,-5010.0,191.789,20853.6,1038.211,0.04978569647446964,close,2
20251031,20251103,20251104,20251105,-1,202601,stop_loss,2.5670380905026073,3.8131917347324182,2115.0,3805.0,2,0,-1690.0,-1690.0,26.344,15941.4,-1716.344,-0.10766582608804748,open,0
20251106,20251107,20251117,20251118,-1,202601,stop_loss,2.6326983969839364,3.8851777455514793,2760.0,5660.0,7,0,-2900.0,-2920.0,25.766000000000002,15615.599999999999,-2925.766,-0.1873617408232793,open,0
20251222,20251223,20260130,20260202,1,202605,take_profit,-2.876189470556459,0.03801823994064118,-2775.0,-410.0,27,0,2365.0,-1005.0,26.597500000000004,15173.4,2338.4025,0.15411196567677649,open,0
20260303,20260304,20260305,20260306,1,202605,take_profit,-3.6328690609104397,0.10105849220925536,-4300.0,5.0,2,0,4305.0,0.0,30.2785,17859.0,4274.7215,0.23935951061089644,open,0
20260309,20260310,20260310,20260311,1,202605,take_profit,-3.733880752895749,1.5514228005851218,2800.0,1060.0,1,0,-1740.0,-1740.0,32.768,19774.8,-1772.768,-0.0896478346177964,open,0
20260319,20260320,20260326,20260327,1,202605,stop_loss,-3.4333170238982778,-3.83356282295832,-4600.0,-7190.0,5,0,-2590.0,-2590.0,37.269,22299.6,-2627.269,-0.11781686667025418,open,0
20260402,20260403,20260630,20260701,1,202609,take_profit,-2.6214544972416514,0.3173550766359812,-4280.0,-1625.0,58,0,2655.0,-3530.0,32.3555,20853.6,2622.6445,0.12576459220470326,open,0
20251031,20251103,20251104,20251105,-1,202601,stop_loss,2.5670380905026073,3.8131917347324182,2115.0,3805.0,2,0,-1690.0,-1690.0,106.34400000000001,15941.4,-1796.344,-0.11268420590412385,open,1
20251106,20251107,20251117,20251118,-1,202601,stop_loss,2.6326983969839364,3.8851777455514793,2760.0,5660.0,7,0,-2900.0,-2920.0,105.76599999999999,15615.599999999999,-3005.766,-0.19248482286943827,open,1
20251222,20251223,20260130,20260202,1,202605,take_profit,-2.876189470556459,0.03801823994064118,-2775.0,-410.0,27,0,2365.0,-1005.0,106.5975,15173.4,2258.4025,0.1488395811090461,open,1
20260303,20260304,20260305,20260306,1,202605,take_profit,-3.6328690609104397,0.10105849220925536,-4300.0,5.0,2,0,4305.0,0.0,110.27850000000001,17859.0,4194.7215,0.2348799764824458,open,1
20260309,20260310,20260310,20260311,1,202605,take_profit,-3.733880752895749,1.5514228005851218,2800.0,1060.0,1,0,-1740.0,-1740.0,112.768,19774.8,-1852.768,-0.09369338754374254,open,1
20260319,20260320,20260326,20260327,1,202605,stop_loss,-3.4333170238982778,-3.83356282295832,-4600.0,-7190.0,5,0,-2590.0,-2590.0,117.269,22299.6,-2707.2690000000002,-0.12140437496636713,open,1
20260402,20260403,20260630,20260701,1,202609,take_profit,-2.6214544972416514,0.3173550766359812,-4280.0,-1625.0,58,0,2655.0,-3530.0,112.3555,20853.6,2542.6445,0.12192832412628994,open,1
20251031,20251103,20251104,20251105,-1,202601,stop_loss,2.5670380905026073,3.8131917347324182,2115.0,3805.0,2,0,-1690.0,-1690.0,186.344,15941.4,-1876.344,-0.11770258572020025,open,2
20251106,20251107,20251117,20251118,-1,202601,stop_loss,2.6326983969839364,3.8851777455514793,2760.0,5660.0,7,0,-2900.0,-2920.0,185.76599999999996,15615.599999999999,-3085.766,-0.19760790491559724,open,2
20251222,20251223,20260130,20260202,1,202605,take_profit,-2.876189470556459,0.03801823994064118,-2775.0,-410.0,27,0,2365.0,-1005.0,186.59750000000003,15173.4,2178.4025,0.14356719654131575,open,2
20260303,20260304,20260305,20260306,1,202605,take_profit,-3.6328690609104397,0.10105849220925536,-4300.0,5.0,2,0,4305.0,0.0,190.2785,17859.0,4114.7215,0.23040044235399518,open,2
20260309,20260310,20260310,20260311,1,202605,take_profit,-3.733880752895749,1.5514228005851218,2800.0,1060.0,1,0,-1740.0,-1740.0,192.76800000000003,19774.8,-1932.768,-0.0977389404696887,open,2
20260319,20260320,20260326,20260327,1,202605,stop_loss,-3.4333170238982778,-3.83356282295832,-4600.0,-7190.0,5,0,-2590.0,-2590.0,197.269,22299.6,-2787.2690000000002,-0.12499188326248006,open,2
20260402,20260403,20260630,20260701,1,202609,take_profit,-2.6214544972416514,0.3173550766359812,-4280.0,-1625.0,58,0,2655.0,-3530.0,192.3555,20853.6,2462.6445,0.11809205604787663,open,2
