open_signal,open_exec,close_signal,close_exec,side,month,reason,qty,z_open,z_close,S_entry,S_exit,hold_days,rolls,pnl,mae,cost,margin,net,ret,variant,year
20190416,20190417,20190514,20190515,-1,201909,take_profit,1.0,2.7672619850262343,-0.24390181199916616,11780.0,7850.0,17,0,3930.0,-1215.0,151.075,19211.399999999998,3778.925,0.1967022184744475,A 固定手数,2019
20190628,20190701,20190925,20190926,-1,201909,take_profit,1.0,2.515769519443563,-0.2720721413770862,12845.0,7065.0,62,1,-1125.0,-7590.0,299.12749999999994,17909.399999999998,-1424.1275,-0.07951843724524553,A 固定手数,2019
20191202,20191203,20191217,20191218,-1,202005,take_profit,1.0,2.70326914431134,-0.029850510441136544,13765.0,9310.0,11,0,4455.0,0.0,147.3755,16177.199999999999,4307.6245,0.2662775078505551,A 固定手数,2019
20200114,20200115,20200303,20200304,1,202005,take_profit,1.0,-2.9339138210166658,0.1037818912435095,4230.0,8720.0,29,0,4490.0,-600.0,147.791,17584.8,4342.209,0.24692967790364406,A 固定手数,2020
20200413,20200414,20200416,20200417,-1,202009,stop_loss,1.0,4.028684450071428,3.785790865754083,12460.0,12850.0,3,0,-390.0,-520.0,144.083,14742.0,-534.083,-0.03622866639533306,A 固定手数,2020
20200423,20200424,20200424,20200427,-1,202009,stop_loss,1.0,3.1290881590376878,3.8315803093109873,13105.0,14265.0,1,0,-1160.0,-1185.0,143.317,14047.8,-1303.317,-0.0927773032076197,A 固定手数,2020
20200506,20200507,20200917,20200918,-1,202009,take_profit,1.0,3.058254390960823,-0.0425864709968921,14290.0,12110.0,94,1,-5245.0,-10865.0,291.3115,14587.199999999999,-5536.3115,-0.37953215833059123,A 固定手数,2020
20201211,20201214,20201215,20201216,1,202105,stop_loss,1.0,-2.716932233776586,-5.0052014644019,8705.0,4925.0,2,0,-3780.0,-3780.0,151.29700000000003,18833.399999999998,-3931.297,-0.20874069472320456,A 固定手数,2020
20201224,20201225,20201231,20201231,1,202105,end,1.0,-3.0872839386344486,-1.9673514259120533,5625.0,6975.0,4,0,1350.0,-495.0,150.66,18727.8,1199.34,0.06404062409893313,A 固定手数,2020
20210114,20210115,20210201,20210202,-1,202105,take_profit,1.0,2.5661781515636792,0.9606436531737603,8110.0,11475.0,12,0,-3365.0,-5045.0,149.6005,17635.8,-3514.6005,-0.19928784064232982,A 固定手数,2021
20210218,20210219,20210225,20210226,-1,202105,take_profit,1.0,3.2702501144353056,0.9681616401227569,16010.0,15385.0,5,0,625.0,-2595.0,152.4675,18895.8,472.5325,0.02500727674933054,A 固定手数,2021
20210409,20210412,20210428,20210429,1,202109,take_profit,1.0,-2.6260826169688047,-0.838728341988123,12360.0,10855.0,13,0,-1505.0,-2660.0,151.4275,18862.2,-1656.4275,-0.08781730126920508,A 固定手数,2021
20210512,20210513,20210513,20210514,1,202109,stop_loss,1.0,-3.3847440541599063,-4.122789375140669,4940.0,2755.0,1,0,-2185.0,-2195.0,153.6555,20145.0,-2338.6555,-0.11609111442045172,A 固定手数,2021
20210621,20210622,20210622,20210623,-1,202109,take_profit,1.0,2.8813137260748154,0.8313124914161633,7725.0,5815.0,1,0,1910.0,0.0,151.132,18474.0,1758.868,0.09520775143444841,A 固定手数,2021
20210628,20210629,20210630,20210701,-1,202109,take_profit,1.0,2.6655740764726397,0.791076596755885,7925.0,6255.0,2,0,1670.0,0.0,152.138,19255.8,1517.862,0.07882622378711869,A 固定手数,2021
20210714,20210715,20210728,20210729,1,202109,take_profit,1.0,-2.596460945770985,-0.5253872528956871,3545.0,3780.0,10,0,235.0,-1220.0,152.70049999999998,19669.2,82.29950000000002,0.004184181359689261,A 固定手数,2021
20210730,20210802,20210809,20210810,1,202201,take_profit,1.0,-2.8426839788481058,-0.35869537714028504,-1105.0,220.0,6,0,1325.0,-60.0,153.2295,20376.0,1171.7705,0.057507386140557525,A 固定手数,2021
20210823,20210824,20210824,20210825,1,202201,take_profit,1.0,-4.953353513067988,-0.8108378214323163,-5155.0,-2305.0,1,0,2850.0,0.0,153.868,20409.6,2696.132,0.13210116807776734,A 固定手数,2021
20210907,20210908,20210914,20210915,1,202201,take_profit,1.0,-3.375465849497603,-0.4825671045706435,-6525.0,-4460.0,5,0,2065.0,-520.0,155.2555,21167.399999999998,1909.7445,0.09022102383854419,A 固定手数,2021
20210928,20210929,20211011,20211012,1,202201,stop_loss,1.0,-3.0211165897996284,-4.300149238999811,-9415.0,-19185.0,4,0,-9770.0,-9770.0,162.464,24328.8,-9932.464,-0.4082595113610207,A 固定手数,2021
20211028,20211029,20211119,20211122,-1,202201,take_profit,1.0,2.602694107881881,0.936374844052635,4620.0,8560.0,16,0,-3940.0,-7285.0,133.352,20433.6,-4073.352,-0.19934578341555087,A 固定手数,2021
20211216,20211217,20211221,20211222,1,202205,take_profit,1.0,-3.034455023509438,-0.1988802292436579,2310.0,6400.0,3,0,4090.0,0.0,112.083,19349.399999999998,3977.917,0.20558348062472223,A 固定手数,2021
20220712,20220713,20220721,20220722,-1,202209,take_profit,1.0,2.738862382262009,0.4950458666023461,10320.0,4560.0,7,0,5760.0,0.0,109.69399999999999,18001.8,5650.306,0.313874501438745,A 固定手数,2022
20230103,20230104,20230105,20230106,1,202305,stop_loss,1.0,-1.9360302575806694,-2.318797445171086,85.0,-370.0,2,0,-455.0,-470.0,111.7715,19248.6,-566.7715000000001,-0.02944481676589467,A 固定手数,2023
20230119,20230120,20230210,20230213,1,202305,take_profit,1.0,-1.661984074022168,-0.40604264686254643,775.0,2025.0,11,0,1250.0,-975.0,112.30799999999999,19740.0,1137.692,0.0576338399189463,A 固定手数,2023
20230330,20230331,20230403,20230404,-1,202309,stop_loss,1.0,1.6844255015910972,2.344952512263134,4705.0,5825.0,2,0,-1120.0,-1170.0,110.363,18121.8,-1230.363,-0.06789408336920175,A 固定手数,2023
20230424,20230425,20230426,20230427,-1,202309,stop_loss,1.0,1.7597217127768685,2.3571166955376506,5835.0,7070.0,2,0,-1235.0,-1235.0,110.06050000000002,18066.0,-1345.0605,-0.07445259050149453,A 固定手数,2023
20230518,20230519,20230519,20230522,-1,202309,stop_loss,1.0,1.814253891536755,2.3837272096992512,7665.0,8820.0,1,0,-1155.0,-1155.0,108.03049999999999,17008.2,-1263.0305,-0.0742600921908256,A 固定手数,2023
20231129,20231130,20231130,20231201,1,202405,stop_loss,1.0,-2.0694211780840415,-2.6336742613200728,3800.0,2815.0,1,0,-985.0,-985.0,110.1335,17892.6,-1095.1335,-0.061205945474665506,A 固定手数,2023
20231207,20231208,20231213,20231214,1,202405,take_profit,1.0,-1.889244150616434,-0.3340920728106938,3950.0,6330.0,4,0,2380.0,0.0,109.82200000000002,17974.8,2270.178,0.12629781694372122,A 固定手数,2023
20240910,20240911,20240930,20241008,-1,202501,take_profit,1.0,3.1255681899803456,0.3647886618533552,6200.0,1925.0,12,0,4275.0,0.0,110.4885,17482.2,4164.5115,0.23821438377320928,A 固定手数,2024
20241210,20241211,20241231,20241231,1,202505,end,1.0,-2.6163263192414097,-2.7766166438225137,105.0,-2815.0,14,0,-2920.0,-2930.0,111.457,18634.2,-3031.457,-0.16268243337519184,A 固定手数,2024
20250214,20250217,20250227,20250228,-1,202505,take_profit,1.0,3.0727268645863104,-0.508420834821995,145.0,-1260.0,9,0,1405.0,-410.0,110.62650000000001,18222.0,1294.3735,0.07103355833607726,A 固定手数,2025
20250331,20250401,20250407,20250408,-1,202509,stop_loss,1.0,2.6344502333573,4.169428851879943,2210.0,3950.0,4,0,-1740.0,-3790.0,108.678,17556.0,-1848.6779999999999,-0.10530177717019822,A 固定手数,2025
20250514,20250515,20250516,20250519,1,202509,take_profit,1.0,-2.9144550048436764,0.3699416692263285,1740.0,2945.0,2,0,1205.0,0.0,108.38050000000001,17233.2,1096.6195,0.06363411902606596,A 固定手数,2025
20250604,20250605,20250613,20250616,1,202509,stop_loss,1.0,-2.541822758100539,-3.900799000908461,1975.0,-155.0,7,0,-2130.0,-2130.0,108.16,16570.2,-2238.16,-0.13507139322398037,A 固定手数,2025
20250722,20250723,20250725,20250728,1,202509,stop_loss,1.0,-2.9820879338964352,-3.928559414552831,-1110.0,-2150.0,3,0,-1040.0,-1075.0,109.542,17566.8,-1149.542,-0.06543832684381902,A 固定手数,2025
20250814,20250815,20250905,20250908,-1,202601,take_profit,1.0,2.9121507660139963,-0.9945742065701456,-1025.0,-1350.0,16,0,325.0,-1845.0,108.86250000000001,17422.8,216.1375,0.012405439998163325,A 固定手数,2025
20251013,20251014,20251022,20251023,1,202601,take_profit,1.0,-2.7528265035779316,0.8560640390489132,-1975.0,95.0,7,0,2070.0,0.0,107.442,16636.8,1962.558,0.1179648730525101,A 固定手数,2025
20251030,20251031,20251125,20251126,-1,202601,take_profit,1.0,2.958426328391862,-0.07256824976042892,2035.0,3005.0,18,0,-970.0,-3910.0,106.178,16120.199999999999,-1076.1779999999999,-0.06675959355342985,A 固定手数,2025
20251219,20251222,20251222,20251223,1,202605,stop_loss,1.0,-2.6641901341551417,-4.352270726815561,-1495.0,-2775.0,1,0,-1280.0,-1360.0,105.36699999999999,15252.599999999999,-1385.367,-0.09082825223240629,A 固定手数,2025
20260303,20260304,20260305,20260306,1,202605,take_profit,1.0,-5.9573712424268574,0.04351003909904608,-4300.0,5.0,2,0,4305.0,0.0,110.27850000000001,17859.0,4194.7215,0.2348799764824458,A 固定手数,2026
20260309,20260310,20260310,20260311,1,202605,take_profit,1.0,-3.9775570140884398,1.2834724117167566,2800.0,1060.0,1,0,-1740.0,-1740.0,112.768,19774.8,-1852.768,-0.09369338754374254,A 固定手数,2026
20260319,20260320,20260507,20260508,1,202605,take_profit,1.0,-2.5354438881304833,1.18397493138862,-4600.0,-2350.0,31,1,-3545.0,-6370.0,231.9275,22299.6,-3776.9275,-0.16937198425083858,A 固定手数,2026
20260608,20260609,20260615,20260616,1,202609,take_profit,1.0,-3.3049296166153517,0.5375834115897277,-5320.0,-3785.0,5,0,1535.0,-2490.0,113.71549999999999,21257.399999999998,1421.2845,0.06686069321742076,A 固定手数,2026
20260803,20260804,20260821,20260824,-1,202701,take_profit,1.0,2.5370328354014045,-0.08112999671462633,-2405.0,-2290.0,14,0,-115.0,-2055.0,111.1865,17938.2,-226.1865,-0.012609208281767401,A 固定手数,2026
20260901,20260902,20260903,20260904,1,202701,take_profit,1.0,-2.734883079913801,0.18832331387059098,-3285.0,-2165.0,2,0,1120.0,-270.0,113.97300000000001,20169.0,1006.027,0.04987986513957063,A 固定手数,2026
20260907,20260908,20260911,20260911,1,202701,end,1.0,-2.5019450510474095,-0.8634052129970995,-3430.0,-3080.0,3,0,350.0,-255.0,115.04299999999999,20661.6,234.957,0.011371674991288187,A 固定手数,2026
20190416,20190417,20190514,20190515,-1,201909,take_profit,1.1553187767963793,2.7672619850262343,-0.24390181199916616,11780.0,7850.0,17,0,4540.40279280977,-1403.7123138076008,174.53978420451298,22195.29114854596,4365.863008605257,0.19670221847444747,B 波动定手数,2019
20190628,20190701,20190925,20190926,-1,201909,take_profit,1.3383050302558956,2.515769519443563,-0.2720721413770862,12845.0,7065.0,62,1,-1505.5931590378848,-10157.73517964225,400.3238379378704,23968.240108864935,-1905.9169969757552,-0.07951843724524561,B 波动定手数,2019
20191202,20191203,20191217,20191218,-1,202005,take_profit,1.183654377035583,2.70326914431134,-0.029850510441136544,13765.0,9310.0,11,0,5273.180249693522,0.0,174.44165564280755,19148.21358818003,5098.738594050714,0.2662775078505551,B 波动定手数,2019
20200114,20200115,20200303,20200304,1,202005,take_profit,0.9810329043115212,-2.9339138210166658,0.1037818912435095,4230.0,8720.0,29,0,4404.837740358731,-588.6197425869128,144.98783396110403,17251.26741573724,4259.849906397627,0.2469296779036441,B 波动定手数,2020
20200413,20200414,20200416,20200417,-1,202009,stop_loss,0.9034213333877767,4.028684450071428,3.785790865754083,12460.0,12850.0,3,0,-352.33432002123334,-469.7790933616443,130.16765597851105,13318.237296802605,-482.5019759997444,-0.03622866639533309,B 波动定手数,2020
20200423,20200424,20200424,20200427,-1,202009,stop_loss,0.9825702981041093,3.1290881590376878,3.8315803093109873,13105.0,14265.0,1,0,-1139.7815458007667,-1164.3458032533695,140.81902741338664,13802.951033706906,-1280.6005732141534,-0.0927773032076197,B 波动定手数,2020
20200506,20200507,20200917,20200918,-1,202009,take_profit,0.9206867249792776,3.058254390960823,-0.0425864709968921,14290.0,12110.0,94,1,-4829.001872516321,-10003.261266899857,268.20663088380087,13430.241394617717,-5097.208503400122,-0.379532158330592,B 波动定手数,2020
20201211,20201214,20201215,20201216,1,202105,stop_loss,0.7816872279653044,-2.716932233776586,-5.0052014644019,8705.0,4925.0,2,0,-2954.777721708851,-2954.777721708851,118.26693252946667,14721.828239161763,-3073.044654238318,-0.20874069472320458,B 波动定手数,2020
20201224,20201225,20201231,20201231,1,202105,end,0.7751530191981217,-3.0872839386344486,-1.9673514259120533,5625.0,6975.0,4,0,1046.4565759174643,-383.70074450307027,116.78455387238901,14516.910712938583,929.6720220450753,0.06404062409893314,B 波动定手数,2020
20210114,20210115,20210201,20210202,-1,202105,take_profit,0.7663893414666963,2.5661781515636792,0.9606436531737603,8110.0,11475.0,12,0,-2578.900134035433,-3866.434227699483,114.6522286780885,13515.889148238362,-2693.5523627135217,-0.19928784064232982,B 波动定手数,2021
20210218,20210219,20210225,20210226,-1,202105,take_profit,0.8319843432198257,3.2702501144353056,0.9681616401227569,16010.0,15385.0,5,0,519.9902145123909,-2158.999370655448,126.85057284986878,15721.009752613183,393.13964166252214,0.02500727674933053,B 波动定手数,2021
20210409,20210412,20210428,20210429,1,202109,take_profit,0.8006927205775444,-2.6260826169688047,-0.838728341988123,12360.0,10855.0,13,0,-1205.0425444692048,-2129.842636736268,121.24689694525611,15102.826234077758,-1326.289441414461,-0.0878173012692051,B 波动定手数,2021
20210512,20210513,20210513,20210514,1,202109,stop_loss,0.7892983516277943,-3.3847440541599063,-4.122789375140669,4940.0,2755.0,1,0,-1724.6168983067305,-1732.5098818230085,121.28003286854454,15900.415293541915,-1845.896931175275,-0.11609111442045174,B 波动定手数,2021
20210621,20210622,20210622,20210623,-1,202109,take_profit,0.8466062692288547,2.8813137260748154,0.8313124914161633,7725.0,5815.0,1,0,1617.0179742271125,0.0,127.94929868109527,15640.204217733863,1489.0686755460172,0.0952077514344484,B 波动定手数,2021
20210628,20210629,20210630,20210701,-1,202109,take_profit,0.8207328511180435,2.6655740764726397,0.791076596755885,7925.0,6255.0,2,0,1370.6238613671328,0.0,124.8646545033969,15803.867634558821,1245.759206863736,0.0788262237871187,B 波动定手数,2021
20210714,20210715,20210728,20210729,1,202109,take_profit,0.8195771621312431,-2.596460945770985,-0.5253872528956871,3545.0,3780.0,10,0,192.6006331008421,-999.8841378001166,125.14984244602188,16120.427117391848,67.45079065482021,0.004184181359689258,B 波动定手数,2021
20210730,20210802,20210809,20210810,1,202201,take_profit,0.8144303121400812,-2.8426839788481058,-0.35869537714028504,-1105.0,220.0,6,0,1079.1201635856078,-48.865818728404804,124.79474951406857,16594.832040166293,954.3254140715392,0.05750738614055753,B 波动定手数,2021
20210823,20210824,20210824,20210825,1,202201,take_profit,1.0402471877773214,-4.953353513067988,-0.8108378214323163,-5155.0,-2305.0,1,0,2964.704485165366,0.0,160.06075428892086,21231.029003660016,2804.6437308764453,0.13210116807776734,B 波动定手数,2021
20210907,20210908,20210914,20210915,1,202201,take_profit,0.8675643542779682,-3.375465849497603,-0.4825671045706435,-6525.0,-4460.0,5,0,1791.5203915840045,-451.13346422454345,134.6941376056031,18364.08171274346,1656.8262539784014,0.0902210238385442,B 波动定手数,2021
20210928,20210929,20211011,20211012,1,202201,stop_loss,0.7451916975835442,-3.0211165897996284,-4.300149238999811,-9415.0,-19185.0,4,0,-7280.522885391226,-7280.522885391226,121.06682395621294,18129.61977217053,-7401.589709347439,-0.4082595113610207,B 波动定手数,2021
20211028,20211029,20211119,20211122,-1,202201,take_profit,0.4165310129114761,2.602694107881881,0.936374844052635,4620.0,8560.0,16,0,-1641.132190871216,-3034.4284290601036,55.54524363377116,8511.228105427937,-1696.677434504987,-0.1993457834155509,B 波动定手数,2021
20211216,20211217,20211221,20211222,1,202205,take_profit,0.37104405561938686,-3.034455023509438,-0.1988802292436579,2310.0,6400.0,3,0,1517.5701874832923,0.0,41.58773088598774,7179.4798498017635,1475.9824565973047,0.20558348062472226,B 波动定手数,2021
20220307,20220308,20220425,20220426,1,202205,take_profit,0.8978056589108718,-1.772657516700988,0.03380626830170917,-4370.0,4510.0,33,1,9727.7243142993,0.0,208.82735174852152,20815.265079585,9518.896962550778,0.4573036627761533,B 波动定手数,2022
20220624,20220627,20220711,20220712,-1,202209,stop_loss,0.8623188097997408,1.5279630386365208,2.351821914938336,6650.0,9315.0,11,0,-2298.0796281163093,-2336.8839745572977,96.02997845632365,16508.403758568198,-2394.109606572633,-0.14502368863676726,B 波动定手数,2022
20220718,20220719,20220823,20220824,-1,202209,take_profit,0.8036633102660427,1.6742562995963286,-0.0945997969863441,7570.0,-130.0,26,1,3905.8036878929684,-1084.9454688591575,178.28306142279837,14616.385356470571,3727.52062647017,0.2550234230667723,B 波动定手数,2022
20220927,20220928,20220930,20221010,1,202301,stop_loss,0.8754792599895597,-1.896476483233705,-2.350305085202962,-3595.0,-4775.0,3,0,-1033.0655267876803,-1033.0655267876803,99.05785183003871,16929.49264212211,-1132.123378617719,-0.06687284743553942,B 波动定手数,2022
20221012,20221013,20221109,20221110,1,202301,take_profit,0.9190557496116575,-1.5546771690047374,0.37804054882152455,-2670.0,1320.0,20,0,3667.032440950514,-1268.2969344640874,102.53813092842302,17986.10483105006,3564.4943100220908,0.19818044782373204,B 波动定手数,2022
20230103,20230104,20230105,20230106,1,202305,stop_loss,1.367497962297069,-1.9360302575806694,-2.318797445171086,85.0,-370.0,2,0,-622.2115728451664,-642.7240422796225,152.84729849288686,26322.421277071364,-775.0588713380532,-0.02944481676589466,B 波动定手数,2023
20230119,20230120,20230213,20230214,1,202305,take_profit,1.4182541521490843,-1.661984074022168,0.4379555443402328,775.0,3200.0,12,0,3439.26631896153,-1382.7977983453573,158.98841783714056,27996.336963422924,3280.2779011243892,0.11716811043566364,B 波动定手数,2023
20230330,20230331,20230403,20230404,-1,202309,stop_loss,1.5043413197307232,1.6844255015910972,2.344952512263134,4705.0,5825.0,2,0,-1684.86227809841,-1760.0793440849461,166.0236210694418,27261.37252789622,-1850.8858991678517,-0.06789408336920173,B 波动定手数,2023
20230424,20230425,20230426,20230427,-1,202309,stop_loss,1.7559816987819408,1.7597217127768685,2.3571166955376506,5835.0,7070.0,2,0,-2168.637397995697,-2168.637397995697,193.2642237587898,31723.56537019454,-2361.9016217544868,-0.07445259050149453,B 波动定手数,2023
20230518,20230519,20230519,20230522,-1,202309,stop_loss,1.7616025666076203,1.814253891536755,2.3837272096992512,7665.0,8820.0,1,0,-2034.6509644318014,-2034.6509644318014,190.30680607190453,29961.68877337573,-2224.957770503706,-0.07426009219082559,B 波动定手数,2023
20231129,20231130,20231130,20231201,1,202405,stop_loss,1.4790919371628946,-2.0694211780840415,-2.6336742613200728,3800.0,2815.0,1,0,-1456.905558105451,-1456.905558105451,162.89757186152963,26464.800394880804,-1619.8031299669806,-0.061205945474665506,B 波动定手数,2023
20231207,20231208,20231215,20231218,1,202405,take_profit,1.4785350433696947,-1.889244150616434,0.3361693264068288,3950.0,7020.0,6,0,4539.102583144962,0.0,162.47769445093914,26576.371697561586,4376.624888694023,0.1646810534748648,B 波动定手数,2023
20240513,20240514,20240527,20240528,1,202409,take_profit,1.9956934096526813,-2.909851316704357,-0.4618954815722721,2195.0,3940.0,10,0,3482.4849998439295,-199.56934096526805,223.49271571347964,37922.16617022025,3258.9922841304497,0.08593898010735714,B 波动定手数,2024
20240906,20240909,20240930,20241008,-1,202501,take_profit,2.3097217032531954,2.902459573717205,-0.09980263202839323,5235.0,1925.0,14,0,7645.178837768077,-2228.881443639333,255.6677147765027,40900.08997686693,7389.511122991574,0.18067224612882457,B 波动定手数,2024
20241122,20241125,20241231,20241231,1,202501,end,2.096584060817773,-2.6712597807232865,-2.215393889166126,1440.0,-2815.0,26,1,-6509.893508839185,-6530.8593494473635,467.26044817430505,39821.67901754845,-6977.15395701349,-0.17520993913739366,B 波动定手数,2024
20250214,20250217,20250227,20250228,-1,202505,take_profit,1.3222851496274461,3.0727268645863104,-0.508420834821995,145.0,-1260.0,9,0,1857.810635226562,-542.136911347253,146.27977810526068,24094.679996511324,1711.5308571213013,0.07103355833607727,B 波动定手数,2025
20250331,20250401,20250407,20250408,-1,202509,stop_loss,1.214494327987651,2.6344502333573,4.169428851879943,2210.0,3950.0,4,0,-2113.2201306985125,-4602.933503073197,131.98881457704192,21321.6624221512,-2245.2089452755545,-0.10530177717019822,B 波动定手数,2025
20250514,20250515,20250516,20250519,1,202509,take_profit,1.2531307447503324,-2.9144550048436764,0.3699416692263285,1740.0,2945.0,2,0,1510.0225474241504,0.0,135.8149366814134,21595.45275043143,1374.207610742737,0.06363411902606596,B 波动定手数,2025
20250604,20250605,20250613,20250616,1,202509,stop_loss,1.289688698472728,-2.541822758100539,-3.900799000908461,1975.0,-155.0,7,0,-2747.036927746911,-2747.036927746911,139.49272962681027,21370.3996714328,-2886.529657373721,-0.1350713932239804,B 波动定手数,2025
20250722,20250723,20250725,20250728,1,202509,stop_loss,1.2569274065272098,-2.9820879338964352,-3.928559414552831,-1110.0,-2150.0,3,0,-1307.2045027882982,-1351.1969620167506,137.68634196580362,22080.192364982187,-1444.8908447541019,-0.06543832684381903,B 波动定手数,2025
20250814,20250815,20250905,20250908,-1,202601,take_profit,1.1099042904561331,2.9121507660139963,-0.9945742065701456,-1025.0,-1350.0,16,0,360.71889439824315,-2047.7734158915655,120.8269558197808,19337.640471759114,239.89193857846234,0.01240543999816332,B 波动定手数,2025
20251013,20251014,20251022,20251023,1,202601,take_profit,1.2984754327591765,-2.7528265035779316,0.8560640390489132,-1975.0,95.0,7,0,2687.8441458114958,0.0,139.51079744651145,21602.47607972787,2548.3333483649844,0.11796487305251012,B 波动定手数,2025
20251030,20251031,20251125,20251126,-1,202601,take_profit,1.4680534342561935,2.958426328391862,-0.07256824976042892,2035.0,3005.0,18,0,-1424.0118312285076,-5740.088927941717,155.87497754245413,23665.31497089669,-1579.8868087709618,-0.06675959355342986,B 波动定手数,2025
20251219,20251222,20251222,20251223,1,202605,stop_loss,1.0569854245454484,-2.6641901341551417,-4.352270726815561,-1495.0,-2775.0,1,0,-1352.941343418174,-1437.5001773818099,111.37138322808025,16121.775886421905,-1464.3127266462543,-0.09082825223240629,B 波动定手数,2025
20260303,20260304,20260305,20260306,1,202605,take_profit,0.9610499991927973,-5.9573712424268574,0.04351003909904608,-4300.0,5.0,2,0,4137.320246524992,0.0,105.98315233598291,17163.391935584168,4031.3370941890093,0.2348799764824458,B 波动定手数,2026
20260309,20260310,20260310,20260311,1,202605,take_profit,0.6920419264361453,-3.9775570140884398,1.2834724117167566,2800.0,1060.0,1,0,-1204.1529519988928,-1204.1529519988928,78.04018396035123,13684.990686889485,-1282.193135959244,-0.09369338754374255,B 波动定手数,2026
20260319,20260320,20260507,20260508,1,202605,take_profit,0.4124029562111358,-2.5354438881304833,1.18397493138862,-4600.0,-2350.0,31,1,-1461.9684797684758,-2627.006831064936,95.64758662665821,9196.420962325843,-1557.616066395134,-0.16937198425083855,B 波动定手数,2026
20260608,20260609,20260615,20260616,1,202609,take_profit,0.4680244071433345,-3.3049296166153517,0.5375834115897277,-5320.0,-3785.0,5,0,718.4174649650187,-1165.3807737869029,53.22162947050785,9948.982032408718,665.1958354945108,0.06686069321742079,B 波动定手数,2026
20260803,20260804,20260821,20260824,-1,202701,take_profit,0.7217489719721736,2.5370328354014045,-0.08112999671462633,-2405.0,-2290.0,14,0,-83.00113177679992,-1483.1941374028168,80.24874207218409,12946.877409031245,-163.249873848984,-0.012609208281767398,B 波动定手数,2026
20260901,20260902,20260903,20260904,1,202701,take_profit,0.7304640140258931,-2.734883079913801,0.18832331387059098,-3285.0,-2165.0,2,0,818.1196957090003,-197.22528378699113,83.25317507057312,14732.728698888239,734.8665206384272,0.04987986513957063,B 波动定手数,2026
20260907,20260908,20260911,20260911,1,202701,end,0.7387453890244229,-2.5019450510474095,-0.8634052129970995,-3430.0,-3080.0,3,0,258.560886158548,-188.3800742012278,84.98748578953668,15263.661729867015,173.57340036901132,0.011371674991288187,B 波动定手数,2026
20190214,20190215,20190218,20190219,1,201905,take_profit,0.909365623704121,-2.6810668457797258,0.43421387492816865,8660.0,12695.0,2,0,3669.2902916461285,0.0,138.48319868859392,17845.027253320186,3530.8070929575347,0.19785943965429387,C 波动定手数+金额止损,2019
20190327,20190328,20190418,20190419,-1,201905,money_stop,1.0674899531001494,2.6030355837957417,1.8732758152827036,11740.0,12200.0,15,1,-5396.161712921255,-5524.260507293273,323.1244050986263,20274.196185259276,-5719.286118019881,-0.28209681240917417,C 波动定手数+金额止损,2019
20190626,20190627,20190628,20190701,-1,201909,stop_loss,1.323670462093967,2.9759390804325836,3.8765867573862236,10885.0,12845.0,2,0,-2594.394105704175,-2700.2877426716927,198.88810528192903,24325.621550085667,-2793.2822109861045,-0.11482881147496384,C 波动定手数+金额止损,2019
20190923,20190924,20191014,20191015,1,202001,take_profit,1.1288464275830667,-2.7995167549570446,1.1077207639483988,8140.0,10140.0,10,0,2257.692855166133,-2805.183372543921,169.08087561624689,20422.863798547325,2088.611979549886,0.10226832045457057,C 波动定手数+金额止损,2019
20191111,20191112,20191209,20191210,-1,202001,take_profit,1.1129283708185735,2.502192664289941,-0.9092499093239398,16385.0,10965.0,20,1,-840.2609199680229,-4184.610674277837,327.44189001294285,17913.24988534743,-1167.7028099809659,-0.06518654166356024,C 波动定手数+金额止损,2019
20191217,20191218,20191231,20191231,1,202005,end,1.1657547177400494,-2.7044621804437443,-1.355888043475887,9310.0,8940.0,9,0,-431.32924556381806,-1043.350472377344,172.38831039524524,19404.220427726672,-603.7175559590632,-0.031112693148775603,C 波动定手数+金额止损,2019
20200114,20200115,20200303,20200304,1,202005,take_profit,0.9810329043115212,-2.9339138210166658,0.1037818912435095,4230.0,8720.0,29,0,4404.837740358731,-588.6197425869128,144.98783396110403,17251.26741573724,4259.849906397627,0.2469296779036441,C 波动定手数+金额止损,2020
20200413,20200414,20200416,20200417,-1,202009,stop_loss,0.9034213333877767,4.028684450071428,3.785790865754083,12460.0,12850.0,3,0,-352.33432002123334,-469.7790933616443,130.16765597851105,13318.237296802605,-482.5019759997444,-0.03622866639533309,C 波动定手数+金额止损,2020
20200423,20200424,20200424,20200427,-1,202009,stop_loss,0.9825702981041093,3.1290881590376878,3.8315803093109873,13105.0,14265.0,1,0,-1139.7815458007667,-1164.3458032533695,140.81902741338664,13802.951033706906,-1280.6005732141534,-0.0927773032076197,C 波动定手数+金额止损,2020
20200506,20200507,20200529,20200601,-1,202009,money_stop,0.9206867249792776,3.058254390960823,2.7652439777586992,14290.0,17955.0,17,0,-3374.316847049053,-3374.316847049053,132.53699715102942,13430.241394617717,-3506.8538442000827,-0.2611162183283976,C 波动定手数+金额止损,2020
20200601,20200602,20200804,20200805,-1,202009,money_stop,0.8905455772674895,3.1086082909870805,2.0601918483973374,19345.0,16040.0,44,1,-3669.0477783420565,-3669.0477783420565,258.8156989389414,13044.533506698732,-3927.863477280998,-0.30111183932058055,C 波动定手数+金额止损,2020
20201211,20201214,20201215,20201216,1,202105,stop_loss,0.7816872279653044,-2.716932233776586,-5.0052014644019,8705.0,4925.0,2,0,-2954.777721708851,-2954.777721708851,118.26693252946667,14721.828239161763,-3073.044654238318,-0.20874069472320458,C 波动定手数+金额止损,2020
20201224,20201225,20201231,20201231,1,202105,end,0.7751530191981217,-3.0872839386344486,-1.9673514259120533,5625.0,6975.0,4,0,1046.4565759174643,-383.70074450307027,116.78455387238901,14516.910712938583,929.6720220450753,0.06404062409893314,C 波动定手数+金额止损,2020
20210114,20210115,20210127,20210128,-1,202105,money_stop,0.7663893414666963,2.5661781515636792,2.4264633181781696,8110.0,12715.0,9,0,-3529.2229174541367,-3529.2229174541367,114.55413084238077,13515.889148238362,-3643.7770482965175,-0.2695921080983001,C 波动定手数+金额止损,2021
20210218,20210219,20210225,20210226,-1,202105,take_profit,0.8319843432198257,3.2702501144353056,0.9681616401227569,16010.0,15385.0,5,0,519.9902145123909,-2158.999370655448,126.85057284986878,15721.009752613183,393.13964166252214,0.02500727674933053,C 波动定手数+金额止损,2021
20210409,20210412,20210428,20210429,1,202109,take_profit,0.8006927205775444,-2.6260826169688047,-0.838728341988123,12360.0,10855.0,13,0,-1205.0425444692048,-2129.842636736268,121.24689694525611,15102.826234077758,-1326.289441414461,-0.0878173012692051,C 波动定手数+金额止损,2021
20210512,20210513,20210513,20210514,1,202109,stop_loss,0.7892983516277943,-3.3847440541599063,-4.122789375140669,4940.0,2755.0,1,0,-1724.6168983067305,-1732.5098818230085,121.28003286854454,15900.415293541915,-1845.896931175275,-0.11609111442045174,C 波动定手数+金额止损,2021
20210621,20210622,20210622,20210623,-1,202109,take_profit,0.8466062692288547,2.8813137260748154,0.8313124914161633,7725.0,5815.0,1,0,1617.0179742271125,0.0,127.94929868109527,15640.204217733863,1489.0686755460172,0.0952077514344484,C 波动定手数+金额止损,2021
20210628,20210629,20210630,20210701,-1,202109,take_profit,0.8207328511180435,2.6655740764726397,0.791076596755885,7925.0,6255.0,2,0,1370.6238613671328,0.0,124.8646545033969,15803.867634558821,1245.759206863736,0.0788262237871187,C 波动定手数+金额止损,2021
20210714,20210715,20210728,20210729,1,202109,take_profit,0.8195771621312431,-2.596460945770985,-0.5253872528956871,3545.0,3780.0,10,0,192.6006331008421,-999.8841378001166,125.14984244602188,16120.427117391848,67.45079065482021,0.004184181359689258,C 波动定手数+金额止损,2021
20210730,20210802,20210809,20210810,1,202201,take_profit,0.8144303121400812,-2.8426839788481058,-0.35869537714028504,-1105.0,220.0,6,0,1079.1201635856078,-48.865818728404804,124.79474951406857,16594.832040166293,954.3254140715392,0.05750738614055753,C 波动定手数+金额止损,2021
20210823,20210824,20210824,20210825,1,202201,take_profit,1.0402471877773214,-4.953353513067988,-0.8108378214323163,-5155.0,-2305.0,1,0,2964.704485165366,0.0,160.06075428892086,21231.029003660016,2804.6437308764453,0.13210116807776734,C 波动定手数+金额止损,2021
20210907,20210908,20210914,20210915,1,202201,take_profit,0.8675643542779682,-3.375465849497603,-0.4825671045706435,-6525.0,-4460.0,5,0,1791.5203915840045,-451.13346422454345,134.6941376056031,18364.08171274346,1656.8262539784014,0.0902210238385442,C 波动定手数+金额止损,2021
20210928,20210929,20211011,20211012,1,202201,stop_loss,0.7451916975835442,-3.0211165897996284,-4.300149238999811,-9415.0,-19185.0,4,0,-7280.522885391226,-7280.522885391226,121.06682395621294,18129.61977217053,-7401.589709347439,-0.4082595113610207,C 波动定手数+金额止损,2021
20211028,20211029,20211112,20211115,-1,202201,money_stop,0.4165310129114761,2.602694107881881,1.8582489669699491,4620.0,11905.0,11,0,-3034.4284290601036,-3034.4284290601036,55.66457976897029,8511.228105427937,-3090.093008829074,-0.3630607675593141,C 波动定手数+金额止损,2021
20211216,20211217,20211221,20211222,1,202205,take_profit,0.37104405561938686,-3.034455023509438,-0.1988802292436579,2310.0,6400.0,3,0,1517.5701874832923,0.0,41.58773088598774,7179.4798498017635,1475.9824565973047,0.20558348062472226,C 波动定手数+金额止损,2021
20220118,20220119,20220207,20220208,1,202205,take_profit,0.5494396645737176,-2.600219438389047,-0.9193864991625909,3140.0,3700.0,9,0,307.6862121612818,-810.4235052462335,63.1778692706735,11202.635208926444,244.50834289060828,0.02182596668824671,C 波动定手数+金额止损,2022
20220303,20220304,20220310,20220311,1,202205,take_profit,0.9075259511158953,-2.8294768732415747,-0.6032271658136338,-1860.0,-1225.0,5,0,576.278978958594,-2718.040223592106,106.61569497411983,20318.598519533778,469.6632839844742,0.023114944838983457,C 波动定手数+金额止损,2022
20220425,20220426,20220512,20220513,-1,202209,take_profit,0.7926694695330239,3.28030585241328,0.3306463305329467,4510.0,4425.0,10,0,67.37690491030713,-1878.6266427932665,89.87088278198041,15894.608203076194,-22.49397787167328,-0.0014151954917215176,C 波动定手数+金额止损,2022
20220613,20220614,20220615,20220616,1,202209,take_profit,0.8705000394156384,-2.8635443393504194,-0.31810931282898774,680.0,2765.0,2,0,1814.992582181606,-34.820001576625536,100.15494678494656,18509.268238086835,1714.8376353966594,0.09264751114622721,C 波动定手数+金额止损,2022
20220624,20220627,20220630,20220701,-1,202209,take_profit,0.8623188097997408,2.7417776326639824,0.8354106027933537,6650.0,5430.0,4,0,1052.0289479556836,-133.65941551895983,96.96775016198086,16508.403758568198,955.0611977937028,0.05785303120527365,C 波动定手数+金额止损,2022
20220927,20220928,20221011,20221012,1,202301,take_profit,0.8754792599895597,-3.9025235759579306,-0.6192499821688064,-3595.0,-2230.0,5,0,1195.029189885749,-1033.0655267876803,98.54000584775488,16929.49264212211,1096.4891840379942,0.0647679884576003,C 波动定手数+金额止损,2022
20221229,20221230,20221230,20221230,1,202305,end,1.2616490908447875,-3.204083352349261,-4.449020582893625,1690.0,330.0,0,0,-1715.842763548911,-1715.842763548911,140.7016299091924,23548.42795079979,-1856.5443934581035,-0.07883941965625135,C 波动定手数+金额止损,2022
20230103,20230104,20230105,20230106,1,202305,stop_loss,1.367497962297069,-1.9360302575806694,-2.318797445171086,85.0,-370.0,2,0,-622.2115728451664,-642.7240422796225,152.84729849288686,26322.421277071364,-775.0588713380532,-0.02944481676589466,C 波动定手数+金额止损,2023
20230119,20230120,20230213,20230214,1,202305,take_profit,1.4182541521490843,-1.661984074022168,0.4379555443402328,775.0,3200.0,12,0,3439.26631896153,-1382.7977983453573,158.98841783714056,27996.336963422924,3280.2779011243892,0.11716811043566364,C 波动定手数+金额止损,2023
20230330,20230331,20230403,20230404,-1,202309,stop_loss,1.5043413197307232,1.6844255015910972,2.344952512263134,4705.0,5825.0,2,0,-1684.86227809841,-1760.0793440849461,166.0236210694418,27261.37252789622,-1850.8858991678517,-0.06789408336920173,C 波动定手数+金额止损,2023
20230424,20230425,20230426,20230427,-1,202309,stop_loss,1.7559816987819408,1.7597217127768685,2.3571166955376506,5835.0,7070.0,2,0,-2168.637397995697,-2168.637397995697,193.2642237587898,31723.56537019454,-2361.9016217544868,-0.07445259050149453,C 波动定手数+金额止损,2023
20230518,20230519,20230519,20230522,-1,202309,stop_loss,1.7616025666076203,1.814253891536755,2.3837272096992512,7665.0,8820.0,1,0,-2034.6509644318014,-2034.6509644318014,190.30680607190453,29961.68877337573,-2224.957770503706,-0.07426009219082559,C 波动定手数+金额止损,2023
20231129,20231130,20231130,20231201,1,202405,stop_loss,1.4790919371628946,-2.0694211780840415,-2.6336742613200728,3800.0,2815.0,1,0,-1456.905558105451,-1456.905558105451,162.89757186152963,26464.800394880804,-1619.8031299669806,-0.061205945474665506,C 波动定手数+金额止损,2023
20231207,20231208,20231215,20231218,1,202405,take_profit,1.4785350433696947,-1.889244150616434,0.3361693264068288,3950.0,7020.0,6,0,4539.102583144962,0.0,162.47769445093914,26576.371697561586,4376.624888694023,0.1646810534748648,C 波动定手数+金额止损,2023
20240513,20240514,20240527,20240528,1,202409,take_profit,1.9956934096526813,-2.909851316704357,-0.4618954815722721,2195.0,3940.0,10,0,3482.4849998439295,-199.56934096526805,223.49271571347964,37922.16617022025,3258.9922841304497,0.08593898010735714,C 波动定手数+金额止损,2024
20240906,20240909,20240930,20241008,-1,202501,take_profit,2.3097217032531954,2.902459573717205,-0.09980263202839323,5235.0,1925.0,14,0,7645.178837768077,-2228.881443639333,255.6677147765027,40900.08997686693,7389.511122991574,0.18067224612882457,C 波动定手数+金额止损,2024
20241122,20241125,20241231,20241231,1,202501,end,2.096584060817773,-2.6712597807232865,-2.215393889166126,1440.0,-2815.0,26,1,-6509.893508839185,-6530.8593494473635,467.26044817430505,39821.67901754845,-6977.15395701349,-0.17520993913739366,C 波动定手数+金额止损,2024
20250214,20250217,20250227,20250228,-1,202505,take_profit,1.3222851496274461,3.0727268645863104,-0.508420834821995,145.0,-1260.0,9,0,1857.810635226562,-542.136911347253,146.27977810526068,24094.679996511324,1711.5308571213013,0.07103355833607727,C 波动定手数+金额止损,2025
20250331,20250401,20250407,20250408,-1,202509,stop_loss,1.214494327987651,2.6344502333573,4.169428851879943,2210.0,3950.0,4,0,-2113.2201306985125,-4602.933503073197,131.98881457704192,21321.6624221512,-2245.2089452755545,-0.10530177717019822,C 波动定手数+金额止损,2025
20250514,20250515,20250516,20250519,1,202509,take_profit,1.2531307447503324,-2.9144550048436764,0.3699416692263285,1740.0,2945.0,2,0,1510.0225474241504,0.0,135.8149366814134,21595.45275043143,1374.207610742737,0.06363411902606596,C 波动定手数+金额止损,2025
20250604,20250605,20250613,20250616,1,202509,stop_loss,1.289688698472728,-2.541822758100539,-3.900799000908461,1975.0,-155.0,7,0,-2747.036927746911,-2747.036927746911,139.49272962681027,21370.3996714328,-2886.529657373721,-0.1350713932239804,C 波动定手数+金额止损,2025
20250722,20250723,20250725,20250728,1,202509,stop_loss,1.2569274065272098,-2.9820879338964352,-3.928559414552831,-1110.0,-2150.0,3,0,-1307.2045027882982,-1351.1969620167506,137.68634196580362,22080.192364982187,-1444.8908447541019,-0.06543832684381903,C 波动定手数+金额止损,2025
20250814,20250815,20250905,20250908,-1,202601,take_profit,1.1099042904561331,2.9121507660139963,-0.9945742065701456,-1025.0,-1350.0,16,0,360.71889439824315,-2047.7734158915655,120.8269558197808,19337.640471759114,239.89193857846234,0.01240543999816332,C 波动定手数+金额止损,2025
20251013,20251014,20251022,20251023,1,202601,take_profit,1.2984754327591765,-2.7528265035779316,0.8560640390489132,-1975.0,95.0,7,0,2687.8441458114958,0.0,139.51079744651145,21602.47607972787,2548.3333483649844,0.11796487305251012,C 波动定手数+金额止损,2025
20251030,20251031,20251125,20251126,-1,202601,take_profit,1.4680534342561935,2.958426328391862,-0.07256824976042892,2035.0,3005.0,18,0,-1424.0118312285076,-5740.088927941717,155.87497754245413,23665.31497089669,-1579.8868087709618,-0.06675959355342986,C 波动定手数+金额止损,2025
20251219,20251222,20251222,20251223,1,202605,stop_loss,1.0569854245454484,-2.6641901341551417,-4.352270726815561,-1495.0,-2775.0,1,0,-1352.941343418174,-1437.5001773818099,111.37138322808025,16121.775886421905,-1464.3127266462543,-0.09082825223240629,C 波动定手数+金额止损,2025
20260303,20260304,20260305,20260306,1,202605,take_profit,0.9610499991927973,-5.9573712424268574,0.04351003909904608,-4300.0,5.0,2,0,4137.320246524992,0.0,105.98315233598291,17163.391935584168,4031.3370941890093,0.2348799764824458,C 波动定手数+金额止损,2026
20260309,20260310,20260310,20260311,1,202605,take_profit,0.6920419264361453,-3.9775570140884398,1.2834724117167566,2800.0,1060.0,1,0,-1204.1529519988928,-1204.1529519988928,78.04018396035123,13684.990686889485,-1282.193135959244,-0.09369338754374255,C 波动定手数+金额止损,2026
20260319,20260320,20260416,20260417,1,202605,money_stop,0.4124029562111358,-2.5354438881304833,-2.3663358919946074,-4600.0,-4870.0,19,1,-2501.223929420539,-2627.006831064936,95.77378193125881,9196.420962325843,-2596.997711351798,-0.28239221779762874,C 波动定手数+金额止损,2026
20260608,20260609,20260615,20260616,1,202609,take_profit,0.4680244071433345,-3.3049296166153517,0.5375834115897277,-5320.0,-3785.0,5,0,718.4174649650187,-1165.3807737869029,53.22162947050785,9948.982032408718,665.1958354945108,0.06686069321742079,C 波动定手数+金额止损,2026
20260803,20260804,20260821,20260824,-1,202701,take_profit,0.7217489719721736,2.5370328354014045,-0.08112999671462633,-2405.0,-2290.0,14,0,-83.00113177679992,-1483.1941374028168,80.24874207218409,12946.877409031245,-163.249873848984,-0.012609208281767398,C 波动定手数+金额止损,2026
20260901,20260902,20260903,20260904,1,202701,take_profit,0.7304640140258931,-2.734883079913801,0.18832331387059098,-3285.0,-2165.0,2,0,818.1196957090003,-197.22528378699113,83.25317507057312,14732.728698888239,734.8665206384272,0.04987986513957063,C 波动定手数+金额止损,2026
20260907,20260908,20260911,20260911,1,202701,end,0.7387453890244229,-2.5019450510474095,-0.8634052129970995,-3430.0,-3080.0,3,0,258.560886158548,-188.3800742012278,84.98748578953668,15263.661729867015,173.57340036901132,0.011371674991288187,C 波动定手数+金额止损,2026
